No.,Dataset,N_Variants,N_Max_Muts,Untrained_Performance_DCA,Untrained_Performance_ESM1v,Untrained_Performance_ProSST,Hybrid_DCA_Trained_Performance_100,Hybrid_DCA_ESM1v_Trained_Performance_100,Hybrid_DCA_ProSST_Trained_Performance_100,Hybrid_DCA_Trained_Performance_200,Hybrid_DCA_ESM1v_Trained_Performance_200,Hybrid_DCA_ProSST_Trained_Performance_200,Hybrid_DCA_Trained_Performance_1000,Hybrid_DCA_ESM1v_Trained_Performance_1000,Hybrid_DCA_ProSST_Trained_Performance_1000,N_Y_test,N_Y_test_100,N_Y_test_200,N_Y_test_1000,Time_in_s
1,A0A140D2T1_ZIKV_Sourisseau_2019,9576,1,0.396148437323495,0.0253210072342278,nan,0.396249752882163,0.394519919900654,nan,0.398184982601495,0.379660105224424,nan,0.435530821895607,0.440134017214123,nan,9576,9476,9376,8576,3450
2,A0A192B1T2_9HIV1_Haddox_2018,12577,1,0.514230848582787,0.481803387139806,0.448041334551184,0.516998516317988,0.543512938222403,0.592412866250471,0.545546531447125,0.562848892563239,0.607867333740205,0.623112942494488,0.667831932739514,0.66550147027797,12577,12477,12377,11577,9738
3,A0A1I9GEU1_NEIME_Kennouche_2019,922,1,0.0541129327940217,0.0720742861303132,0.0473038862400451,0.0443672992654737,0.0442744155501973,0.08790597435423,0.0557425552915332,0.0725659812731205,0.0361432717478572,nan,nan,nan,922,822,722,nan,256
4,A0A247D711_LISMN_Stadelmann_2021,1653,1,0.471416072739735,0.192284971383863,0.468328602333905,0.522301816448651,0.478691629334818,0.586979549392109,0.520551169387343,0.513371594918558,0.621921922936426,0.645846628632774,0.624881796756645,0.689499781004741,1653,1553,1453,653,526
5,A0A2Z5U3Z0_9INFA_Doud_2016,10715,1,0.139116620553982,0.483001760449197,0.477103770089994,0.13892309520924,0.493751016491847,0.492941883590073,0.28071725058092,0.524899431433125,0.564286691151804,0.512719294660751,0.650487622714332,0.645773371877827,10715,10615,10515,9715,5328
6,A0A2Z5U3Z0_9INFA_Wu_2014,2350,1,0.364864777791638,0.433109164482569,0.366121597722914,0.36726345971187,0.452172495235586,0.46031226886947,0.38829415089097,0.483611887583199,0.429029072360548,0.415798118006942,0.49496694985733,0.494480581809876,2350,2250,2150,1350,2488
7,A4D664_9INFA_Soh_2019,14421,1,-0.109161219860387,0.0456808392597801,0.295961243121888,-0.109338170007025,0.169228063909816,0.344968411288914,0.0425610783566088,0.265969589330189,0.376241158998351,0.407316307810877,0.464968243957905,0.544237941808247,14421,14321,14221,13421,8969
8,A4GRB6_PSEAI_Chen_2020,5004,1,0.668105649443577,0.543247747835155,0.647351733217166,0.683875518165118,0.60075821029315,0.741460851588357,0.69415603913261,0.689420559181495,0.767759307707967,0.740505891575817,0.805945078229052,0.810770793034096,5004,4904,4804,4004,1751
9,AACC1_PSEAI_Dandage_2018,1801,1,0.318071241452549,0.457939533825506,0.368532920696761,0.335412037052637,0.459372878212138,0.43103187125198,0.351471388313177,0.492060570239969,0.461753219007076,0.463882495067159,0.550581318239981,0.534569265039648,1801,1701,1601,801,869
10,ACE2_HUMAN_Chan_2020,2223,1,0.243207540659199,0.185593894233443,0.261305458199797,0.325909844298417,0.244857189389899,0.353286631689331,0.41282562767923,0.337201547331594,0.470077024053205,0.559752465651432,0.601250447947873,0.610115781454495,2223,2123,2023,1223,3995
11,ADRB2_HUMAN_Jones_2020,7800,1,0.518785604792566,0.531058260008736,0.515167204636333,0.518371360315276,0.530515316113512,0.538011973650738,0.514781047642001,0.538433067990176,0.519778637261075,0.520512252356478,0.557093124534968,0.553912098700521,7800,7700,7600,6800,3287
12,AICDA_HUMAN_Gajula_2014_3cycles,209,1,0.419505216189216,0.407548989855893,0.274172920796004,0.473695703943579,0.506949210599241,0.405470360076925,nan,nan,nan,nan,nan,nan,209,109,nan,nan,96
13,AMIE_PSEAE_Wrenbeck_2017,6227,1,0.486522042227513,0.617273943143269,0.482337450581848,0.433818104404418,0.638587876227347,0.505359010148571,0.474960937131138,0.639883763728259,0.537179404732717,0.553530901779938,0.712377300442043,0.663954130018517,6227,6127,6027,5227,2442
14,ARGR_ECOLI_Tsuboyama_2023_1AOY,1287,1,0.429001907811117,0.362568279574546,0.602902371818458,0.574149892813204,0.539346883327075,0.722255457395557,0.570063847715353,0.682350819071561,0.823331776267461,0.727854144522269,0.845267452966947,0.889484499240597,1287,1187,1087,287,447
15,B2L11_HUMAN_Dutta_2010_binding-Mcl-1,170,1,-0.092152361348227,0.377160618218013,0.273719627994455,0.73963086158676,0.768139270405039,0.727897821712886,nan,nan,nan,nan,nan,nan,170,70,nan,nan,67
16,BLAT_ECOLX_Deng_2012,4996,1,0.487547113161082,0.464917068902133,0.483369133121487,0.519222753481169,0.505881971697433,0.527683204281805,0.518844275051112,0.54726887163011,0.572099610754352,0.652606561103926,0.691762466774823,0.706453753551851,4996,4896,4796,3996,1845
17,BLAT_ECOLX_Firnberg_2014,4783,1,0.681852458821356,0.646238763488682,0.752573102018229,0.696458398827751,0.704676192709923,0.781699630818006,0.684507368054427,0.734753245672989,0.787457442634795,0.754964248782045,0.834113301752358,0.846172748424564,4783,4683,4583,3783,1804
18,BLAT_ECOLX_Jacquier_2013,989,1,0.679998228015023,0.623750825776682,0.659255731175173,0.686601602770065,0.712532855202043,nan,0.664036168171581,0.627918257820947,0.711576202994745,nan,nan,nan,989,889,789,nan,423
19,BLAT_ECOLX_Stiffler_2015,4996,1,0.677055821651001,0.641683258421953,0.742970471183945,0.691603218695383,0.713983696421559,0.781167543903767,0.710980875232597,0.74627839692083,0.787758231416654,0.772382586335057,0.833319090487081,0.847863711078456,4996,4896,4796,3996,1841
22,C6KNH7_9INFA_Lee_2018,10754,1,0.379192756683718,0.398472032544206,0.433009736576641,0.391044946596535,0.47914992341865,0.504731074590039,0.419150865874793,0.476241782574858,0.523346664434931,0.557889870559139,0.608117194314081,0.64192258219627,10754,10654,10554,9754,5336
23,CALM1_HUMAN_Weile_2017,1813,1,0.188011616265022,0.245992064282153,0.195594029662886,0.182445834182603,0.193805046628316,0.199627817233996,0.18328482505748,0.255356450017683,0.20451653530591,0.202366765802851,0.240436956452699,0.21470897053173,1813,1713,1613,813,763
27,CASP3_HUMAN_Roychowdhury_2020,1567,1,0.616635558017944,0.577305172687445,0.516919940171774,0.599196096871622,0.5909382787019,0.623921122906773,0.610373765485216,0.629750783569548,0.624666308408982,0.61544907052658,0.658992259448861,0.619045380778323,1567,1467,1367,567,1050
28,CASP7_HUMAN_Roychowdhury_2020,1680,1,0.640054295639557,0.559529351312228,0.503762603014118,0.641035733170481,0.632285764493313,0.595223511845196,0.606038246918945,0.622644740231139,0.649040010148466,0.67219053388653,0.665701482734267,0.683290099726707,1680,1580,1480,680,1136
29,CBS_HUMAN_Sun_2020,7217,1,0.345713510057997,0.363886731286415,0.289914468760542,0.344354429895212,0.367526400022138,0.32401637712104,0.343082169605218,0.384064209907964,0.346886510810786,0.358292241011684,0.376220253897575,nan,7217,7117,7017,6217,4038
30,CCDB_ECOLI_Adkar_2012,1176,1,0.0728843025816673,0.277943444916431,0.397389331102357,0.536989943598545,0.564278963085717,0.607256287119536,0.60749249882536,0.708333107349894,0.720958816751115,0.78553944868708,0.876990436900251,0.931744773570433,1176,1076,976,176,527
31,CCDB_ECOLI_Tripathi_2016,1663,1,0.180688920086956,0.347639372353415,0.467677637972929,0.17296335342567,nan,nan,0.175859824305664,nan,nan,0.452165772871528,nan,nan,1663,1563,1463,663,585
32,CCR5_HUMAN_Gill_2023,6137,1,0.346577806410198,0.3301102047854,0.351150204863377,0.346450719747538,0.355772799016578,0.35339100209805,0.354499274989346,0.357386636825047,0.36816327051513,0.366825561928094,0.371019504185593,0.381510182170918,6137,6037,5937,5137,2398
33,CD19_HUMAN_Klesmith_2019_FMC_singles,3761,1,0.240203525683074,0.121312662149892,0.245337028484781,0.241309891747558,0.219901620167988,0.307747824087854,0.27510670261888,0.289673876623579,0.310475372774217,0.408584815119105,0.462991566900087,0.482233559840131,3761,3661,3561,2761,2805
34,CP2C9_HUMAN_Amorosi_2021_abundance,6370,1,0.593437168593749,0.57311540059999,0.631383545028941,0.5935430236925,0.619003177719019,0.676085093061882,0.59957728194348,0.624109139328892,0.680755695207736,0.661487169870911,0.714760127472944,0.732217520972835,6370,6270,6170,5370,3291
35,CP2C9_HUMAN_Amorosi_2021_activity,6142,1,0.627729130900867,0.584795562148644,0.627945429407008,0.635440756244412,0.630828076576298,0.688680506144473,0.651829709542696,0.650596522920899,0.698794464229788,0.69961336889812,0.753881609381342,0.770588169762164,6142,6042,5942,5142,3340
36,DLG4_RAT_McLaughlin_2012,1576,1,0.379034397247112,0.554387135001598,0.530910465950456,0.479543579193459,0.592288418607598,0.530654116199866,0.535774673242789,0.627999249927356,0.642530595960446,0.693394273407611,0.788423025473419,0.75275759540056,1576,1476,1376,576,3056
37,DN7A_SACS2_Tsuboyama_2023_1JIC,1008,1,0.150647409283173,0.158618578917432,0.709878765016586,0.357616328025482,0.35164116818666,0.805003519551621,0.338069787528384,0.601722519412478,0.852335068311377,nan,nan,nan,1008,908,808,nan,143
38,DYR_ECOLI_Nguyen_2023,2916,1,0.469498083013164,0.52693984415303,0.440604332025352,0.469137313182768,0.556056980626825,0.536166923872673,0.499900602202383,0.563113645268983,0.514549416854627,0.566413893234848,0.637069056903927,0.594212226616846,2916,2816,2716,1916,987
39,DYR_ECOLI_Thompson_2019,2363,1,0.439439661012161,0.391808914697855,0.432666923285745,0.441181333543733,0.475947018221953,0.507447069931967,0.491238874435485,0.52039912100149,0.529272936174466,0.584551659017542,0.641511957879716,0.663358646833444,2363,2263,2163,1363,896
40,ENV_HV1B9_DuenasDecamp_2016,375,1,0.270916322681148,0.407804732672463,0.205053439834447,0.291250779503156,0.447216459425438,0.473352894947293,0.442699393538406,0.464887310661923,0.453189122719478,nan,nan,nan,375,275,175,nan,1371
41,ENV_HV1BR_Haddox_2016,12863,1,0.270303579163381,0.326767293131618,0.292345735087853,0.271684556722961,0.317183273543032,0.296320049644757,0.264941575227294,0.348568193914902,0.331354754620558,0.234851099107322,0.344840930688104,0.311134123767607,12863,12763,12663,11863,9974
42,ENVZ_ECOLI_Ghose_2023,1121,1,0.168917459802011,0.178943517527193,0.250405079236344,0.211629966819637,0.146723723254492,0.290602381024437,0.182400879455745,0.119452191857762,0.315422846860997,0.289225340715066,0.332773900511757,0.397988077496274,1121,1021,921,121,404
44,ESTA_BACSU_Nutschel_2020,2172,1,0.41356892031402,0.268799591504623,0.328661502230943,0.394687229573576,0.472843128191115,0.491837792461485,0.49197262085044,0.497155042201556,0.530829071543584,0.602175530004013,0.61383033989562,0.666056020421668,2172,2072,1972,1172,1073
45,FKBP3_HUMAN_Tsuboyama_2023_2KFV,1237,1,0.310759019724251,0.244680052808444,0.586854423268258,0.486669158558378,0.51075024635154,0.706054590616908,0.591459770243192,0.591266343254903,0.748818069156306,0.625986831401797,0.682443894637134,0.857482705590282,1237,1137,1037,237,436
46,GAL4_YEAST_Kitzman_2015,1195,1,0.506543202384003,0.38476900887119,0.534650112671086,0.522927383219837,nan,0.551206445946134,0.617935746910725,nan,0.625731835964092,0.617894468952058,nan,0.637178990778034,1195,1095,995,195,2426
47,GDIA_HUMAN_Silverstein_2021,1154,1,0.434107383457665,0.432014237121976,0.414715991997563,0.438473971499318,0.471875809557314,0.480448341360091,0.43012784539534,0.454980873320344,0.467526962929035,0.382534193176036,0.431780339404221,0.437663159105284,1154,1054,954,154,1596
48,GLPA_HUMAN_Elazar_2016,245,1,0.12043167234425,0.399157071865132,0.561568841851015,0.285607664343306,0.422146118721461,0.687328767123288,nan,nan,nan,nan,nan,nan,245,145,nan,nan,58
49,HCP_LAMBD_Tsuboyama_2023_2L6Q,1040,1,0.530176090476643,0.291602164435039,0.72290373590816,0.560964324268967,0.715831358892935,0.761024126834467,0.726404914806799,0.759796265861627,0.809548118488182,nan,nan,nan,1040,940,840,nan,143
50,HEM3_HUMAN_Loggerenberg_2023,5689,1,0.361837989195209,0.394547286846338,0.38050258012378,0.362119942792194,0.39468693073992,0.409077245440069,0.366361321249217,0.404941155107869,0.422637377074965,0.393304386493807,0.439719349603289,0.42455684700466,5689,5589,5489,4689,2412
51,HMDH_HUMAN_Jiang_2019,16853,1,0.398578914988509,0.291475076354798,0.319138815595179,0.397903675633541,0.400504476536077,0.386009074300902,0.462572563028295,0.443544996111563,0.442797108661383,0.499797288913525,0.567234549829563,0.582883939732,16853,16753,16653,15853,12544
52,HSP82_YEAST_Cote-Hammarlof_2020_growth-H2O2,2252,1,0.310360725282748,0.403050770798027,0.225475952739204,0.308134447996175,0.438478804603341,0.35449143850013,0.481922563495937,0.454999550136933,0.351743823283149,0.542590949111242,0.619885888840618,0.589762571834936,2252,2152,2052,1252,3227
53,HSP82_YEAST_Flynn_2019,13294,1,0.364200150607695,0.397505040186185,0.331280579029065,0.371163382997562,0.41039157909022,0.388359054985705,0.383216813664669,0.408588049448584,0.399526364389051,0.465846330043876,0.528759136051609,0.512994927656813,13294,13194,13094,12294,7848
54,HSP82_YEAST_Mishra_2016,4323,1,0.44942345102729,0.505200798563465,0.424332012090764,0.497267727309742,0.561584053008809,0.523278890791178,0.539500829151685,0.589669330957202,0.565985825501372,0.67571275798063,0.702964148353583,0.710456095696045,4323,4223,4123,3323,4117
55,HXK4_HUMAN_Gersing_2022_activity,8570,1,0.446018857628117,0.468111627840289,0.47318699878794,0.445506463426002,0.488730583156618,0.464302164794944,0.476131934942689,0.505995226755553,0.526092468225165,0.535731413971266,0.569679729231024,0.569993689448635,8570,8470,8370,7570,3776
56,HXK4_HUMAN_Gersing_2023_abundance,8396,1,0.340402804131373,0.366827062250298,0.39655619440778,0.3261512342371,0.37469823719323,0.434467889481609,0.360839519594918,0.403987889453032,0.395157902275871,0.434992108691654,0.498140995621361,0.484718785966586,8396,8296,8196,7396,3731
57,I6TAH8_I68A0_Doud_2015,9462,1,0.0549907840321808,0.00494774466332581,0.274299205303065,0.114553756763222,0.212338883088331,0.18600791976104,0.200416826112189,0.281902248081927,0.331546664223391,0.468796454652764,0.482296332560939,0.539607658313893,9462,9362,9262,8462,4191
58,IF1_ECOLI_Kelsic_2016,1367,1,0.217627336066264,0.5085158073734,0.441599316232012,0.302066712900272,0.523842954566583,0.408399598060992,0.397346508311556,0.597517060942518,0.463998060635844,0.455172029018486,0.734744321279268,0.76581572039748,1367,1267,1167,367,459
59,ILF3_HUMAN_Tsuboyama_2023_2L33,1329,1,0.388374764103567,0.285985154360363,0.548057420878204,0.48372026202913,0.501936658931011,0.567792011376249,0.50372248749516,0.604877586132817,0.669383754725348,0.449192417389948,0.65809319225126,0.563263669387178,1329,1229,1129,329,448
60,KCNE1_HUMAN_Muhammad_2023_expression,2339,1,0.053498185091334,0.142584194796451,0.229041853083803,0.0551957596343192,0.380580220915902,0.317116728936856,0.326085827615279,0.469956093818983,0.508874255397386,0.527398851389241,0.661764781962474,0.739625329382452,2339,2239,2139,1339,774
61,KCNE1_HUMAN_Muhammad_2023_function,2315,1,0.517604608545677,0.533583640616892,0.356626701166191,0.546858565814294,0.576105339492258,0.596337913310272,0.577141341031545,0.61367681215151,0.616563193928081,0.608735745462066,0.731834478617286,0.739138431359325,2315,2215,2115,1315,776
62,KCNH2_HUMAN_Kozek_2020,200,1,0.0592123895953236,0.362878571964299,nan,0.555965703565683,0.524224422442244,nan,nan,nan,nan,nan,nan,nan,200,100,nan,nan,676
63,KCNJ2_MOUSE_Coyote-Maestas_2022_function,6963,1,0.344328164391892,0.324835437393054,0.222610121914735,0.344561541843227,0.356198834222921,0.30429301394383,0.347645185556873,0.360062207018473,0.354473195261659,0.383803875313845,0.388772785418094,0.395719394346237,6963,6863,6763,5963,3016
64,KCNJ2_MOUSE_Coyote-Maestas_2022_surface,6917,1,0.259468637440113,0.301262925339013,0.363988856473563,0.269639832868117,0.301647836776397,0.328398167714884,0.270083735905503,0.30186176421273,0.374429395841985,0.391046261583278,0.470558299832756,0.480308444345903,6917,6817,6717,5917,3011
65,KKA2_KLEPN_Melnikov_2014,4960,1,0.435992049707639,0.504491910811339,0.517073211599741,0.444918358443948,0.53017815385341,0.53226913065927,0.470364274018284,0.554537718594543,0.582057464825466,0.561333155914671,0.657725152882697,0.64083047370055,4960,4860,4760,3960,1711
66,LGK_LIPST_Klesmith_2015,7890,1,0.460900632295378,0.504328532221476,0.442662441749574,0.461852117830572,0.473802426739338,0.532109710533435,0.462761773245991,0.531907057476205,0.548445523662346,0.504941748264656,0.600312284186321,0.607106000837376,7890,7790,7690,6890,3342
67,LYAM1_HUMAN_Elazar_2016,359,1,nan,0.345994871565107,0.396958782475555,nan,0.505586368377066,0.594910934445818,nan,0.612001433006926,0.679104967757344,nan,nan,nan,359,259,159,nan,398
68,MET_HUMAN_Estevam_2023,5393,1,0.478773350515317,0.531080584247665,0.565283155325764,0.480431205017639,0.529140900964606,0.576234566465739,0.478109920956745,0.546901081066483,0.566850786126958,0.540928934258766,0.610637611846044,0.61500029727778,5393,5293,5193,4393,1885
69,MK01_HUMAN_Brenan_2016,6809,1,0.192131921495135,0.166065956269482,0.215061819457672,0.182405624457966,0.200644805277654,0.224833529223872,0.193386074438892,0.200120952496711,0.216551392921137,0.298043453607989,0.303918903333587,0.351843648999164,6809,6709,6609,5809,2633
70,MLAC_ECOLI_MacRae_2023,4007,1,0.361301124613404,0.379197479815483,0.303447001349594,0.409712413289221,0.408035249219616,0.446492253375451,0.43064147776475,0.443917564949189,0.408426617803223,0.578139730592568,0.670949142536185,0.679646782240909,4007,3907,3807,3007,1417
71,MSH2_HUMAN_Jia_2020,16749,1,0.355825823669266,0.38294971536962,0.343568054647092,0.129987521387846,nan,0.39774747377851,0.26702859505308,nan,0.387386279899234,0.393206957209735,nan,0.417026080444708,16749,16649,16549,15749,4973
72,MTH3_HAEAE_RockahShmuel_2015,1777,1,0.689226598861797,0.615296050828502,0.533602452225026,0.692076623398675,0.703048619027855,0.683727672866338,0.693697781081594,0.699905821411977,0.677817743422307,0.68060379473846,0.692979346037748,0.69110485918258,1777,1677,1577,777,1379
73,MTHR_HUMAN_Weile_2021,12464,1,0.267161748306612,0.316734991363578,0.381715509786451,0.273360066285093,0.334659710713417,0.359049486504539,0.315951974842633,0.380103663446167,0.429214435305651,0.461355736464587,0.541904674916182,0.533553017052578,12464,12364,12264,11464,6808
74,NCAP_I34A1_Doud_2015,9462,1,0.112480068913303,0.0290289031124242,0.292360506507195,0.163827626338419,0.117319377690709,0.390214144146099,0.24068026880582,0.207889534804978,0.371899778629661,0.41904060475962,0.409770052746138,0.496625800885903,9462,9362,9262,8462,4200
77,NRAM_I33A0_Jiang_2016,298,1,0.589936274490835,0.16320712002066,0.562081727240758,0.578406955046095,0.551476811839539,0.61222973813847,0.679849533199504,0.635942849492187,0.712130775459199,nan,nan,nan,298,198,98,nan,553
78,NUD15_HUMAN_Suiter_2020,2844,1,0.563475363376874,0.58996744881797,0.625369692916899,0.507056687922253,0.618857369516158,0.687080313294758,0.577406425105073,0.645752796489227,0.680519936108606,0.661911666906415,0.764793736760451,0.776498152040251,2844,2744,2644,1844,1043
79,OPSD_HUMAN_Wan_2019,165,1,0.515029213526071,0.587289883824787,0.591269735260332,0.502043273158358,0.551136363636364,0.590646853146853,nan,nan,nan,nan,nan,nan,165,65,nan,nan,249
80,OTC_HUMAN_Lo_2023,1570,1,0.512991659881577,0.512226488735721,0.611362210901439,0.516810063754721,0.544744465169878,0.660224565802103,0.490594113573108,0.558452334777713,0.648138118123629,0.588467082782429,0.761590915642387,0.737004372319782,1570,1470,1370,570,1414
81,OTU7A_HUMAN_Tsuboyama_2023_2L2D,635,1,0.184623216532766,0.460373303110368,0.738039917946391,0.256000371069823,0.642792010721532,0.822537266413914,0.371301547117018,0.73960462196543,0.868864341768996,nan,nan,nan,635,535,435,nan,113
82,OXDA_RHOTO_Vanella_2023_activity,6396,1,0.300034502995063,0.297459580378596,0.351905961110178,0.252395489646791,0.302850150294039,0.354439792709415,0.303391628893271,0.350755535196556,0.356829889456175,0.357973433362205,0.403178563727427,0.428964467960649,6396,6296,6196,5396,2591
83,OXDA_RHOTO_Vanella_2023_expression,6769,1,0.30438135655922,0.310692043190927,0.39775540036337,0.304601434580025,0.30858160848548,0.335771153659857,0.306803255946097,0.362898350713,0.442572185851441,0.422596374217792,0.488014033546947,0.527093836535199,6769,6669,6569,5769,2677
84,P53_HUMAN_Giacomelli_2018_Null_Etoposide,7467,1,0.379521943631872,0.409444807730678,0.368026021568633,0.383073742813143,0.427885677410599,0.446536039731559,0.392636459629024,0.438215713571434,0.470934970053634,0.476743483146644,0.570870510351811,0.564776702141871,7467,7367,7267,6467,2927
85,P53_HUMAN_Giacomelli_2018_Null_Nutlin,7467,1,0.430751038732459,0.396703998354439,0.327865953281675,0.429263460613009,0.420042654997876,0.47449016551412,0.491790917836607,0.461514296476613,0.516670678120461,0.5255193894573,0.603506481303162,0.622755604845583,7467,7367,7267,6467,2922
86,P53_HUMAN_Giacomelli_2018_WT_Nutlin,7467,1,0.463111795790432,0.4308703068921,0.284543485882523,0.470425119678858,0.524728558352453,0.506488906341925,0.61942328050963,0.649130041692258,0.674070843114267,0.735711204976343,0.805810157021175,0.820912283039375,7467,7367,7267,6467,2928
87,P53_HUMAN_Kotler_2018,1048,1,0.553888236324303,0.458325365085413,0.592661712450063,0.589450930795789,0.639062563536535,0.641667456717548,0.606923413931697,0.640616910863715,0.698067631899584,nan,nan,nan,1048,948,848,nan,499
88,P84126_THETH_Chan_2017,1519,1,0.467697583036534,0.588109977474021,0.691247066733872,0.46038477296774,0.588638125057916,0.670279857177003,0.499338567077062,0.649361244576837,0.683834984970117,0.688630978466402,0.796316509611307,0.80158234204477,1519,1419,1319,519,1014
89,PA_I34A1_Wu_2015,1820,1,0.494450726083904,0.0777695385271464,0.274474569438564,0.497187040523477,0.535474088411295,0.572757075017852,0.502577519550623,0.550513333437564,0.580588543355104,0.581500590833489,0.59976557908289,0.611565367383673,1820,1720,1620,820,3078
90,PAI1_HUMAN_Huttinger_2021,5345,1,0.396678412696177,0.379194385056333,0.408186605789612,0.358264791940779,0.375213275140828,0.454164202610093,0.345893565335981,0.407202348542484,0.412791078897868,0.41638343526125,0.450265913250656,0.484108379867112,5345,5245,5145,4345,2583
91,PKN1_HUMAN_Tsuboyama_2023_1URF,1301,1,0.231448209799655,0.263187055065297,0.541382363142796,0.317090374670117,0.490193825638318,0.7534650894083,0.468624051712598,0.551974655471794,0.694229924918641,0.658183307484806,0.827724423500768,0.875052254075818,1301,1201,1101,301,452
93,POLG_DEN26_Suphatrakul_2023,16897,1,0.5715110666825278,0.0417708828279086,0.38599571783138553,0.5689323609084663,nan,0.4404194753174697,0.5214700356904979,nan,0.5754646979385186,0.596785504702855,nan,0.6481003392083803,16897,16797,16697,15897,4882
95,PPARG_HUMAN_Majithia_2016,9576,1,0.6715161827236812,0.586667826645904,0.48245081579962623,0.7003762657486869,0.6837398595681126,0.7251605802464957,0.6954217434880398,0.7159416796041094,0.7562700348441727,0.7823657082300995,0.8236134642784526,0.8699885486198495,9576,9476,9376,8576,4273
96,PPM1D_HUMAN_Miller_2022,7889,1,0.5573778634048158,0.5866036525237758,0.514260114136614,0.5561191196097769,0.5952765955359727,0.5224565909145598,0.5689545429418112,0.5964625218091218,0.5868773302017842,0.6077949186548685,0.6362408160633111,0.6360228528364357,7889,7789,7689,6889,4603
97,PRKN_HUMAN_Clausen_2023,8756,1,0.5962501835155871,0.6018582904923971,0.6226980451541889,0.6171481531169547,0.6236409731445774,0.7053930234786773,0.6292735604506721,0.6878696778866592,0.7149583276475163,0.710298630612104,0.7510451966551778,0.774615890560068,8756,8656,8556,7756,3850
98,PTEN_HUMAN_Matreyek_2021,5083,1,0.49919654187469903,0.4186132337085657,0.49175224574283727,0.49640802903211845,0.49735278673361333,0.5498769685945196,0.5152406724184921,0.5117580567338947,0.5622049482664137,0.5890118293737017,0.613722330544265,0.6196564135446784,5083,4983,4883,4083,2484
99,PTEN_HUMAN_Mighell_2018,7260,1,0.48883263771209456,0.4712475544694836,0.51091220943276,0.4838039551464116,0.4752019085655886,0.5418261111042733,0.46688427794755344,0.5174719317416094,0.508121848542079,0.5096192762098141,0.543902048466406,0.5521531419410431,7260,7160,7060,6260,3024
100,Q2N0S5_9HIV1_Haddox_2018,12729,1,0.4985132761350018,0.510732252954268,0.47982601020407517,0.40731359707879167,0.5238214241366645,0.5287167164880395,0.5246332309354711,0.5550434749948826,0.5636015974375116,0.6039506163925715,0.6760947197845882,0.6888984410217187,12729,12629,12529,11729,9942
101,Q53Z42_HUMAN_McShan_2019_binding-TAPBPR,3344,1,0.3246359456014145,0.29758327493409265,0.4106333338290412,0.37075469244733145,0.40449067072813233,0.4996400194248783,0.4425270664697464,0.4932130633598333,0.5447454975738951,0.5965253583905582,0.6633534323593225,0.7087118038867276,3344,3244,3144,2344,1837
102,Q53Z42_HUMAN_McShan_2019_expression,3344,1,0.4888910056232061,0.507302475865562,0.5893382168110505,0.4881113050353449,0.5175968927874474,0.6256730558395768,0.5218243366510312,0.570919458924973,0.635115714988977,0.6089645693686795,0.6798988991866403,0.6769810505676497,3344,3244,3144,2344,1840
103,Q59976_STRSQ_Romero_2015,2999,1,0.5563909631290627,0.4798376867752586,0.5526012768121407,0.5566018769312013,0.5310510133461893,0.61255491787639,0.4468974980238075,0.5648912437369122,0.5934325716673482,0.5649930735991615,0.6162958800942003,0.6529703307261818,2999,2899,2799,1999,2409
104,Q837P4_ENTFA_Meier_2023,697,1,0.487472451534693,0.421019817684848,0.6201170342099215,0.5386499621459804,0.4532563895386621,0.6620289538592855,0.5989895572070829,0.6117242859538765,0.7082016171113746,nan,nan,nan,697,597,497,nan,867
105,Q837P5_ENTFA_Meier_2023,747,1,0.23793446180683128,0.3489324245124611,0.5532482365502226,0.4118462670365513,0.479425650426842,0.5393467898109469,0.529566817627694,0.6360156810322944,0.6126126172363778,nan,nan,nan,747,647,547,nan,860
106,R1AB_SARS2_Flynn_2022,5725,1,-0.13308452198819254,-0.014312799999516335,0.4197710947928601,0.0010026360189352367,0.0018307430575922425,0.48950971518977204,0.1432895103546084,0.2699670200319928,0.5378444577922395,0.6618378044567588,0.6809090195827939,0.7481862084599961,5725,5625,5525,4725,2082
107,RAF1_HUMAN_Zinkus-Boltz_2019,297,1,nan,0.504695122685066,0.3276645836638599,nan,0.5454917554305644,0.38397941966578225,nan,0.5381081559087686,0.34493454587580896,nan,nan,nan,297,197,97,nan,745
108,RASH_HUMAN_Bandaru_2017,3134,1,0.4116117232270029,0.4077147691727097,0.577920119698706,0.46936451513587973,0.46418486878143156,0.598428058725243,0.4949724506892044,0.5178201587360463,0.603215597177973,0.6639350600661369,0.7632545837884243,0.7921642777079697,3134,3034,2934,2134,1196
109,RDRP_I33A0_Li_2023,12003,1,0.010612561390962732,0.09062643130883237,0.2912378162740548,0.011216996631298931,0.12784717604037876,0.331862834713568,0.10884093665356365,0.12136460423982688,0.3588793502912964,0.3188307897367616,0.3766665663379784,0.4695558638623408,12003,11903,11803,11003,7894
110,REV_HV1H2_Fernandes_2016,2147,1,0.23720496617372328,0.2513114871226821,0.3117736031766024,0.23797585957369158,0.2533941311345016,0.3290667036203396,0.3759043042903253,0.3644034569882168,0.38965022581053743,0.48556908271769456,0.5157438144725295,0.5137403759793682,2147,2047,1947,1147,705
111,RL40A_YEAST_Mavor_2016,1253,1,0.37078063939632677,0.3584498063034124,0.6026444643923916,0.42554177046710784,0.5714530664562807,0.6279858566992864,0.596803627058248,0.6405529332266452,0.627091773721076,0.6811522055952645,0.7344851816902986,0.7135885899622143,1253,1153,1053,253,599
112,RL40A_YEAST_Roscoe_2013,1195,1,0.40935800206816536,0.41702794770370233,0.6750321402953536,0.6419206439605348,0.5666630046318951,0.6642073269821097,0.7114105822706459,0.7092731603034689,0.7562274171760599,0.7320493939050638,0.8180032044538671,0.8174205764780138,1195,1095,995,195,586
113,RL40A_YEAST_Roscoe_2014,1380,1,0.3209209454656509,0.3042361076278841,0.703087813606214,0.5849434416014238,0.6344642639704979,0.700612476722703,0.5997944711146276,0.6800725186640139,0.7435989107008961,0.6900619178648225,0.7466880693516977,0.7568583540999884,1380,1280,1180,380,606
114,RNC_ECOLI_Weeks_2023,4277,1,0.5595823036227145,0.5644425103470978,0.5432535586389563,0.4703988231575261,0.5785957967441608,0.5932190455516344,0.5845684234738608,0.6107377511304559,0.5841368361522852,0.6157429899192753,0.6671608830430534,0.6707845720283434,4277,4177,4077,3277,1397
115,RPC1_LAMBD_Li_2019_high-expression,351,1,0.4126281653979087,0.4165290265290265,0.5169588744588745,0.3235227716419689,0.4356220830961867,0.5381650540694366,0.41850267864554896,0.4673231090972464,0.5114081561519693,nan,nan,nan,351,251,151,nan,257
116,RPC1_LAMBD_Li_2019_low-expression,351,1,0.43562450336094155,0.453533411033411,0.6083732933732934,0.4683484266527567,0.5017082147600076,0.6233837981407703,0.46199185079350275,0.510700592540955,0.6479505054025793,nan,nan,nan,351,251,151,nan,255
117,RS15_GEOSE_Tsuboyama_2023_1A32,1195,1,0.27808991214230616,0.33759966579115713,0.6264644826123313,0.44248056196455765,0.45471175140725306,0.7564066262477956,0.6234597762800392,0.5357112605907214,0.8579495864817774,0.6738682014734069,0.8462319040227865,0.9101150690252309,1195,1095,995,195,418
118,S22A1_HUMAN_Yee_2023_abundance,9803,1,0.5783901778318246,0.6049457579599515,0.6265223214824237,0.5827395139508005,0.6325708009489824,0.6378514151439854,0.5657640807536206,0.6308098142704518,0.6459163580319655,0.6334508915409808,0.7103271508280004,0.7154079417238408,9803,9703,9603,8803,5032
119,S22A1_HUMAN_Yee_2023_activity,10094,1,0.5427328121851095,0.5559350277107161,0.563158678641977,0.5432530125807854,0.5870974556591995,0.6114640727988875,0.5511329675329357,0.6063675579244358,0.6006432373043168,0.6011629865892636,0.6539786983369106,0.6591219477477889,10094,9994,9894,9094,5130
120,SBI_STAAM_Tsuboyama_2023_2JVG,1025,1,0.47470827802722126,0.21294576254348396,0.6816863232777064,0.5377788988571398,0.443964729828563,0.7822287081898315,0.5227508790754878,0.6193069804052069,0.801038448140637,nan,nan,nan,1025,925,825,nan,153
121,SC6A4_HUMAN_Young_2021,11576,1,0.5457407276755958,0.5216892626232456,0.4842819640132234,0.545829231995369,0.5676597020594244,0.5811443075078228,0.5455502688159861,0.5632868683142125,0.5853427609784542,0.5754170431612782,0.6196542734035645,0.6150262537405341,11576,11476,11376,10576,6254
122,SCIN_STAAR_Tsuboyama_2023_2QFF,1212,1,0.1060686633210642,0.38118875190472196,0.5699742691658471,0.12248628823649155,0.45144422107227034,0.7130757530755111,0.383485599128105,0.5904395122247938,0.8360862510634989,0.56251713967182,0.777641336437256,0.881865457252142,1212,1112,1012,212,450
124,SERC_HUMAN_Xie_2023,1914,1,0.5198799640868612,0.5028905622752997,0.458774440194722,0.4648799157974788,0.518281504423488,0.5552394867619885,0.525628762529798,0.5678990222521046,0.5664379890185185,0.5841845589343698,0.6369700412939021,0.626924895903814,1914,1814,1714,914,1606
125,SHOC2_HUMAN_Kwon_2022,10972,1,0.31547221417409194,0.3735314705751871,0.34777805145899826,0.1816484353020659,0.3832629304420021,0.3536330852600139,0.3092701103178369,0.39525028830134706,0.39781122978504524,0.3458903055791938,0.4496095814663275,0.40647595428589506,10972,10872,10772,9972,5598
126,SOX30_HUMAN_Tsuboyama_2023_7JJK,1010,1,0.2064985080477759,0.34196559666222814,0.3848601590299928,0.4370072617193959,0.5366871383041059,0.7074102980918471,0.6016285906565677,0.6155125545203876,0.8402197771305179,nan,nan,nan,1010,910,810,nan,148
129,SQSTM_MOUSE_Tsuboyama_2023_2RRU,707,1,0.48236419220983223,0.3372898200362942,0.6676043208790352,0.593717105145836,0.5703482886252531,0.8296700578537867,0.5951916037081594,0.7502768205774814,0.869242757874154,nan,nan,nan,707,607,507,nan,117
130,SRC_HUMAN_Ahler_2019,3372,1,0.43074014270269706,0.5597716563081357,0.6201767878255111,0.5072312971878398,0.4765162811653047,0.6490329306524109,0.5052707544810872,0.5657544587053533,0.6276279789952638,0.709674829332756,0.7295956022587283,0.7362608550073382,3372,3272,3172,2372,2635
131,SRC_HUMAN_Chakraborty_2023_binding-DAS_25uM,3637,1,0.3794169212720729,0.478703663566242,0.53533446748227,0.4575641017056756,0.5294129869660518,0.553483003400323,0.48949067658315,0.5160886905390629,0.5796611736820453,0.6225928232347172,0.6622353395167132,0.6550171035090475,3637,3537,3437,2637,2721
132,SRC_HUMAN_Nguyen_2022,3366,1,0.3618707030863949,0.4798505335457928,0.5254314761272385,0.3391142579473501,0.491799055676241,0.5235127559222374,0.46431020857445504,0.5079228292791076,0.5318524405907179,0.6133815800916715,0.6410457682283388,0.6491172449218118,3366,3266,3166,2366,2641
133,SUMO1_HUMAN_Weile_2017,1700,1,0.4202750508550765,0.49361802873003224,0.4723518014278685,0.43724456921909843,0.5177957403498986,0.5163841636266264,0.45654978850846695,0.5422520916675964,0.5347861470160654,0.5447731254975344,0.6382164744942628,0.5556527724692149,1700,1600,1500,700,603
134,SYUA_HUMAN_Newberry_2020,2497,1,0.06380835807125626,0.17603273053052568,0.4018318715232637,0.030676656991472102,0.3050278133960828,0.49545195406449777,0.06346800312936872,0.4532941030753343,0.5600952895932856,0.18983259079915304,0.5854554526704274,0.599141462064945,2497,2397,2297,1497,860
135,TADBP_HUMAN_Bolognesi_2019,1196,1,0.051321621475514424,0.22025446138770352,0.5367168779058517,0.0857028145909641,0.6081560394553069,0.6114516078018452,0.11280991964013713,0.7178273331831784,0.6975466813347956,0.1378744557284951,0.7404696826016625,0.804663356947621,1196,1096,996,196,1421
136,TAT_HV1BR_Fernandes_2016,1577,1,0.3778608402253199,0.321464799463336,0.37025198507793133,0.40504907652898087,0.41961274689396205,0.4315035568654124,0.432394646165624,0.4673820198114287,0.4673449878970876,0.583098604263967,0.57669001614572,0.5984546879716307,1577,1477,1377,577,537
137,TPK1_HUMAN_Weile_2017,3181,1,0.19048332019038014,0.29174985326293595,0.24565349047855753,0.18792778983901204,0.26849401681494883,0.24593966308907309,0.050319820469659306,0.2650814575960433,0.2405747477445055,0.21937357206932365,0.34221008769705663,0.2881486872881473,3181,3081,2981,2181,1276
138,TPMT_HUMAN_Matreyek_2018,3648,1,0.5144356265119117,0.5030000509839055,0.543490866434038,0.5119386943869986,0.5265029949006056,0.5491286357471789,0.50636880029725,0.5227626684920824,0.57623660913325,0.5442451840109759,0.5738735583131437,0.5850763512211299,3648,3548,3448,2648,1356
139,TPOR_HUMAN_Bridgford_2020,562,1,0.3628498746675898,0.23155185338433887,0.49738434282008415,0.3899250555641096,0.45055850246463186,0.5227216901668628,0.4622027633064958,0.5183642432244521,0.5265056390119173,nan,nan,nan,562,462,362,nan,720
140,TRPC_SACS2_Chan_2017,1519,1,0.5259352519003024,0.58025330104515,0.6045552018958693,0.5665013137201305,0.6002054138555706,0.6324002755335841,0.5925246437987312,0.5852334034559911,0.6667168090935982,0.6683046447890254,0.758573367626568,0.7485554443878845,1519,1419,1319,519,1028
141,TRPC_THEMA_Chan_2017,1519,1,0.3740257810945499,0.4977474949168521,0.4760985190928834,0.43344020636345426,0.5067866531329004,0.572774302730931,0.477583364998662,0.5698155118806562,0.6017810914462008,0.6556047736356596,0.7145215794153164,0.7157408689020401,1519,1419,1319,519,1048
142,UBC9_HUMAN_Weile_2017,2563,1,0.4300148269635904,0.4672397690856626,0.4074945982291688,0.4538201744915946,0.48744018183917515,0.5005487986178968,0.4642209370779951,0.5900692318410755,0.5000454288949262,0.5733204683681983,0.6755730429452588,0.6348134531501661,2563,2463,2363,1563,940
144,VG08_BPP22_Tsuboyama_2023_2GP8,723,1,0.41455950504987665,0.4640389775011293,0.647044858378144,0.5601430117868146,0.7071481235943086,0.7843313790873313,0.5826960537798762,0.7726361240342204,0.8255805467575497,nan,nan,nan,723,623,523,nan,118
145,VKOR1_HUMAN_Chiasson_2020_abundance,2695,1,0.3878902388296152,0.4500894437991905,0.6095929890243181,0.3892330385891188,0.3827545084680324,0.6403368708884017,0.4252912331180519,0.5334878683649218,0.653849078237902,0.47336396891598265,0.7150159981930743,0.7634233723061346,2695,2595,2495,1695,1037
146,VKOR1_HUMAN_Chiasson_2020_activity,697,1,0.3814983564109183,0.3930320000762038,0.29834682165448223,0.36828972897652545,0.3922345508946637,0.3690537608386781,0.3719667862837802,0.4009431068974133,0.4005387658857601,nan,nan,nan,697,597,497,nan,241
147,VRPI_BPT7_Tsuboyama_2023_2WNM,1047,1,0.2010948147385621,0.3010372195302911,0.6157236927867243,0.4478820211953952,0.5849022533217165,0.7287910725626284,0.6500710173103692,0.7216362276164965,0.804935291646543,nan,nan,nan,1047,947,847,nan,149
148,A4_HUMAN_Seuma_2022,14811,2,0.4141012646279537,0.42087615110193743,0.45143198591573047,0.41598127582424654,0.5807718088392064,0.594625991419763,0.4562524307018595,0.5224128406832542,0.6244713890372375,0.6555180669214519,0.7771214702557847,0.7173040203063673,14811,14711,14611,13811,9231
149,AMFR_HUMAN_Tsuboyama_2023_4G3O,2972,2,0.34047220661690736,-0.11288367180484951,0.4800191369946087,0.5228947837614569,0.39038742596230835,0.7369811158094607,0.5386910075262479,0.5638465577981644,0.8258553356127101,0.5495839696577909,0.8117831005744485,0.8380616080351925,2972,2872,2772,1972,558
150,BBC1_YEAST_Tsuboyama_2023_1TG0,2069,2,0.33271413877243944,0.4857526297646051,0.5509563279344588,0.5009162821716936,0.4849365219567278,0.6162984725546327,0.5560236067914881,0.6703113879177816,0.7209845622264189,0.6344007275041881,0.8252398171949942,0.7043885676026146,2069,1969,1869,1069,520
151,BCHB_CHLTE_Tsuboyama_2023_2KRU,1572,2,0.45268111678150086,0.33357648075222357,0.5686553042047826,0.669345818083031,0.6874792090591195,0.7686933884493037,0.6704952015597885,0.6548760689576898,0.7538389467370891,0.7750176818696303,0.8801819653416314,0.9306419458719548,1572,1472,1372,572,434
152,CAPSD_AAV2S_Sinai_2021,42328,28,0.43420949107497625,-0.08218679529654699,0.29384415430364613,0.4360588699637501,0.3969804320355039,0.4992230036608686,0.5400977067445235,0.5268906619182812,0.41422726596005827,0.6806210299552098,0.7567637255694606,0.7723000496729749,42328,42228,42128,41328,20149
153,CATR_CHLRE_Tsuboyama_2023_2AMI,1903,2,0.5311438784466329,0.628458329846203,0.735100753593251,0.6198173494036866,0.6828705492399618,0.8300650657947163,0.6495453318438739,0.8039718288207066,0.8469737998972817,0.709880863392241,0.9262422578375454,0.8199844581402064,1903,1803,1703,903,530
154,CBPA2_HUMAN_Tsuboyama_2023_1O6X,2068,2,0.7176743655459781,0.07054025019326544,0.8612942051783469,0.7438676700233379,0.7748394688916098,0.887675531490518,0.771535450959457,0.7873357938484106,0.9041276288488629,0.8414504511728774,0.9179101726762151,0.8896213597916778,2068,1968,1868,1068,548
155,CBX4_HUMAN_Tsuboyama_2023_2K28,2282,2,0.610252060405259,0.6210470808563223,0.6081920888099694,0.6436012416143375,0.6514258870835755,0.7805585204701242,0.6870418496960732,0.7391401425881441,0.7963705256381465,0.7184846470788941,0.8882731597549787,0.8258175338978712,2282,2182,2082,1282,486
156,CSN4_MOUSE_Tsuboyama_2023_1UFM,3295,2,0.48659447009400725,0.5956441575221731,0.7462975060252841,0.502036631900777,0.6395561170702402,0.8590120387629596,0.5433795142062805,0.7780176121982608,0.8749640933938232,0.6360672066015975,0.9233412288724518,0.9073448598185953,3295,3195,3095,2295,700
157,CUE1_YEAST_Tsuboyama_2023_2MYX,1580,2,0.46026780213862545,0.29855429261138827,0.6295050905247971,0.5088233501189253,0.5363767829816213,0.7938870559717721,0.583166216490856,0.6466962211446955,0.8212147541149409,0.6981932590653837,0.8455887345565516,0.8942496548894986,1580,1480,1380,580,419
158,D7PM05_CLYGR_Somermeyer_2022,24515,23,0.625539418548384,0.1099313474100974,0.5393639221742506,0.6013727288289953,nan,0.5884560450422001,0.6539696940363787,0.6516432430021644,0.6721457214196221,0.7127534845372306,0.7394345034114357,nan,24515,24415,24315,23515,4628
159,DLG4_HUMAN_Faure_2021,6976,2,0.43356405327473974,0.6209999362508375,0.738120082385577,0.5714567964399738,0.6933388749607303,0.7744813074129586,0.6349196915517866,0.7306025997740245,0.7648126464471569,0.7350077311902942,0.8118488773248407,0.790469594463036,6976,6876,6776,5976,5307
160,DNJA1_HUMAN_Tsuboyama_2023_2LO1,2264,2,0.7809281393936109,0.7563329777924263,0.8395669039272611,0.7952424868782203,0.8293827963869247,0.8990315063707124,0.823396043145748,0.8431831118776323,0.8931515052194627,0.8705396629083446,0.9452994725350512,0.9143212684444415,2264,2164,2064,1264,563
161,DOCK1_MOUSE_Tsuboyama_2023_2M0Y,2915,2,0.4868281482314094,0.30042678133544815,0.5633147559494596,0.5742909578720252,0.5220801804898201,0.716635771003406,0.6348800711748903,0.6537343725910945,0.7112221589676033,0.6681654815709037,0.8089757285829563,0.738926110195409,2915,2815,2715,1915,639
162,EPHB2_HUMAN_Tsuboyama_2023_1F0M,1960,2,0.768894826394754,0.7676204208166675,0.8512498843962328,0.788578042913721,0.8075990914517256,0.8572958758626966,0.7873879296202516,0.8420298947451057,0.8984260683545839,0.8118956316436496,0.9052034747971601,0.9086576564210681,1960,1860,1760,960,525
163,F7YBW8_MESOW_Ding_2023,7922,10,0.5314533450217397,0.34925924494915067,0.6758085876551873,0.6599259157196231,0.5997058741235249,0.7513136872750791,0.6818895131597839,0.7174401829879349,0.7427065235543165,0.7362585294121639,0.7642590484358062,0.7555521863157263,7922,7822,7722,6922,1329
164,F7YBW8_MESOW_Aakre_2015,9192,4,0.40423469006146223,0.1350482226848431,0.13466118499332658,0.404660845745217,0.4053799723416281,0.3587571369684241,0.4817443545606126,0.4039694203320132,0.44663749332293123,0.47988656727026047,0.5238386889524845,0.49333826713642914,9192,9092,8992,8192,1484
165,FECA_ECOLI_Tsuboyama_2023_2D1U,1886,2,0.40408514501427906,0.3139309947296232,0.5738858975054831,0.4523259703428921,0.5052927011009388,0.6656143272779307,0.4769453507671686,0.5682842582146705,0.7580245116989018,0.6098073159278943,0.7656754659582231,nan,1886,1786,1686,886,346
166,GCN4_YEAST_Staller_2018,2638,44,0.25011546899669806,-0.006027620813706041,0.22764968209696385,0.24358636362901392,0.241174939429571,nan,0.2544759868327667,0.36879030431219906,nan,0.2859991050918842,0.5125215331300973,nan,2638,2538,2438,1638,684
167,GFP_AEQVI_Sarkisyan_2016,51714,15,0.6406366653494072,0.1336688728267403,0.6860965519817945,0.6422492276272843,0.6495590297325259,nan,0.6486786880849276,0.6360629034990605,nan,0.7463828216993244,0.7711781697848346,nan,51714,51614,51514,50714,8310
168,GRB2_HUMAN_Faure_2021,63366,2,0.5258434005381363,0.5367412810228084,0.7216670654700138,0.5839763004949682,0.6852622116666458,0.697364904206813,0.6746840807821936,0.7103753714289707,0.7316071269759475,0.708765178129165,0.7742172713240596,0.7938850307943259,63366,63266,63166,62366,13344
169,HECD1_HUMAN_Tsuboyama_2023_3DKM,5586,2,0.28623326119763287,0.2150000228393089,0.2406307470397028,0.5991137006846494,0.6520916880669738,0.7123845116845012,0.671240119874008,0.6713008248409833,0.715769538708621,0.6959516975099861,0.7840773924211748,0.7706682813598381,5586,5486,5386,4586,986
170,HIS7_YEAST_Pokusaeva_2019,496137,28,0.5018841258822772,0.4566258335093876,0.5509110224742054,0.6375955331518199,0.6418956413264105,0.6547895864886785,0.6637532553076837,0.6864356901061992,0.7041816219280151,0.688813467626153,0.7516523391111648,0.7639848990662632,496137,496037,495937,495137,100085
171,ISDH_STAAW_Tsuboyama_2023_2LHR,1944,2,0.20133105028259743,0.4099797311289111,0.6170821214186833,0.20801835436717128,0.5463153858513373,0.7901066784963037,0.27927295081872605,0.6608119258589598,0.8602977148353521,0.3815799941028187,0.8616768816914405,0.8570970243337553,1944,1844,1744,944,465
172,MAFG_MOUSE_Tsuboyama_2023_1K1V,1429,2,0.3772754724604933,0.2867701014285044,0.7883997038650642,0.5667968813528276,0.7212985249027445,0.8518818361413882,0.5870433889556854,0.805020022074178,0.8660043558185719,0.6537497661951548,0.9156898969137485,0.9121471008886789,1429,1329,1229,429,385
173,MBD11_ARATH_Tsuboyama_2023_6ACV,2116,2,0.7329834422357441,0.27532090639771084,0.7881088186243161,0.7839860922931414,0.792328599906371,0.8356866331913111,0.8077768572836533,0.8161648125358435,0.8760480892176334,0.8367560823060701,0.9079456651452383,0.8812386007566525,2116,2016,1916,1116,547
174,MYO3_YEAST_Tsuboyama_2023_2BTT,3297,2,0.22736027288974528,0.39038676871890193,0.655911044328377,0.5293937331055336,0.6012770298659345,0.7467316039573004,0.502079452467581,0.6801520002381222,0.7899160469479081,0.5706408172217424,0.8152869780272132,0.7444738342715336,3297,3197,3097,2297,635
175,NKX31_HUMAN_Tsuboyama_2023_2L9R,2482,2,0.5196042879352247,0.5522653235349196,0.6723568827321114,0.5237224856829698,0.6334523075196178,0.7854217747657275,0.5859761902998967,0.669134199661453,0.8185506698606887,0.626925034108479,0.8429564399261074,0.8636033602875912,2482,2382,2282,1482,544
176,NUSA_ECOLI_Tsuboyama_2023_1WCL,2028,2,0.6014145743469108,0.39213099588495737,0.829129913783728,0.6686314477896026,0.6983392057013559,0.8570870095474957,0.6853797626050436,0.816717565342857,0.8440539539328691,0.7662356414959274,0.9255284813365755,0.8856793894101138,2028,1928,1828,1028,541
177,NUSG_MYCTU_Tsuboyama_2023_2MI6,1380,2,0.3185563959299844,0.2650521655606262,0.6835605718997004,0.3404721732075912,0.4558591358775928,0.8713252426606706,0.3235636303747638,0.6424823794937596,0.8674173793039379,0.4194035805811384,0.8575977220627845,0.9002750055493168,1380,1280,1180,380,417
178,OBSCN_HUMAN_Tsuboyama_2023_1V1C,3197,2,0.7049347544997513,0.5640843767042256,0.8046058299987234,0.7294521912125891,0.7331462357273572,0.8695220703317328,0.7605979822734487,0.8278244858240499,0.8694298657950439,0.7996494573669364,0.9074278259681756,0.9075736567483621,3197,3097,2997,2197,679
179,ODP2_GEOSE_Tsuboyama_2023_1W4G,1134,2,0.12554037717520414,-0.06007588981415863,0.2347909925259055,0.256965178026339,0.46200581622369263,0.5963034456602403,0.32498630193680217,0.46800164167292563,0.7732094387197265,0.45782583926520193,0.6956350462427737,0.8596541104003791,1134,1034,934,134,371
180,PABP_YEAST_Melamed_2013,37708,2,0.6282349395615039,0.6187616937806348,0.726758973687955,0.705030508811938,0.7401796671480408,0.7491737079223693,0.7217315324275344,0.7778647633866328,0.7720861996641367,0.7640660118093641,0.8346626364747024,0.8343864537497722,37708,37608,37508,36708,14995
181,PHOT_CHLRE_Chen_2023,167529,15,0.6162391522807135,0.55127891627261,0.43552767595262376,0.752744843654709,0.8162100696357459,0.8836636631332063,0.8075607509384554,0.8995938215109279,0.8903299104892745,0.8289036406452397,0.9364990189605585,0.9299153395534799,167529,167429,167329,166529,24336
182,PIN1_HUMAN_Tsuboyama_2023_1I6C,802,2,0.7046422859986546,0.61211746983825,0.7615644611960196,0.7460117622803817,0.7665498863311447,0.8075562900249437,0.730571206608264,0.802813961604097,0.8171954694111161,nan,nan,nan,802,702,602,nan,121
183,PITX2_HUMAN_Tsuboyama_2023_2L7M,1824,2,0.3976757742162949,0.45604969589655525,0.5283860931832735,0.4067389135942343,0.5713471426556669,0.7708740002033948,0.4029593159068464,0.7008539809705787,0.7629425586205497,0.43660382453030433,0.8654086148937546,0.8239786414201589,1824,1724,1624,824,450
184,POLG_PESV_Tsuboyama_2023_2MXD,5130,2,0.404342321796513,0.15112084761248584,0.8007328043302355,0.5913277990659709,0.5852679992680927,0.8809633757615862,0.6054538290947755,0.7189910357802378,0.8820096955241113,0.6534144700319552,0.849304105585031,0.9226100190532959,5130,5030,4930,4130,789
185,PR40A_HUMAN_Tsuboyama_2023_1UZC,2033,2,0.7610825423973049,0.5114335147260686,0.8747276321474617,0.7786638935945559,0.7778159477965594,0.8838496995498857,0.7694818404676038,0.805523179209308,0.8833636029625895,0.8288174902988124,0.8972238593814125,0.9062257085605107,2033,1933,1833,1033,495
186,PSAE_PICP2_Tsuboyama_2023_1PSE,1579,2,0.2981323453928574,0.5041075580504063,0.7386590155486578,0.296068963468044,0.5940857599364789,0.7617629662808856,0.3584970064383994,0.6302897303957555,0.7195658282910461,0.4478933679698769,0.77574347571904,0.8185487405821089,1579,1479,1379,579,478
187,Q6WV12_9MAXI_Somermeyer_2022,31401,13,0.3769654329384654,0.025417559023311723,0.17332059621454582,0.4955393954732307,0.49559530518589173,0.4804409256844832,0.5576146446419249,0.5817887779706749,0.6097326385836637,0.6963955820667598,0.7135017186144601,0.768906240890393,31401,31301,31201,30401,6947
188,Q8WTC7_9CNID_Somermeyer_2022,33510,43,0.354794801747493,0.039661438545157274,0.2903938212699036,0.3690794987280504,0.3936407098648095,0.34928866750875387,0.4441710534915808,0.38550742485653133,0.48404623240803735,0.568377406077305,0.558713686608769,0.6345332729515392,33510,33410,33310,32510,6232
189,RAD_ANTMA_Tsuboyama_2023_2CJJ,912,2,0.5698194722572848,0.5223162306233462,0.6711615816044391,0.507947592807267,0.621230025549148,0.7335345218145165,0.607022032851225,0.6309681498570893,0.7992302372402881,nan,nan,nan,912,812,712,nan,144
190,RASK_HUMAN_Weng_2022_abundance,26012,2,0.3919551862144626,0.27619668716138834,0.3863967475342869,0.3707638341050823,0.5630026719161997,0.4328266207137911,0.6007019510743175,0.6074163233688947,0.6725162418576177,0.6829401831725462,0.7193477038640304,0.757027711502453,26012,25912,25812,25012,5666
191,RASK_HUMAN_Weng_2022_binding-DARPin_K55,24873,2,0.5362425938467722,0.5637909846916977,0.6797871477862846,0.6877110122988653,0.7359746083523336,0.8054868389420371,0.7068101509950504,0.7696285539238639,0.7691615623894129,0.8011729295050047,0.8766168549315041,0.8509487862931702,24873,24773,24673,23873,5451
192,RBP1_HUMAN_Tsuboyama_2023_2KWH,1332,2,0.20369004743968985,0.28819080884410037,0.5302382614355236,0.2072646595456987,0.43793985700229887,0.7363321096651663,0.242236388362182,0.4829254089611372,0.7956519732484129,0.36234000318569876,0.8267529387192581,0.858525799122021,1332,1232,1132,332,401
193,RCD1_ARATH_Tsuboyama_2023_5OAO,1261,2,0.26083771574560255,0.3849581348121436,0.5917005470716648,0.27476968513084565,0.451481788462958,0.7453161559822364,0.3041448505191112,0.5938752051702719,0.7072561088393217,0.5108027471138726,0.8139558114388566,0.6769547991711721,1261,1161,1061,261,404
194,RCRO_LAMBD_Tsuboyama_2023_1ORC,2278,2,0.36751590074110235,0.4357072002283556,0.7908166213601239,0.4812669537991807,0.6713951022249491,0.8795023960788044,0.5837697779889632,0.7382951112862096,0.883618435083841,0.6534304217254977,0.8819571577426845,0.9121334635897187,2278,2178,2078,1278,531
195,RD23A_HUMAN_Tsuboyama_2023_1IFY,1019,2,0.5467966084398616,0.57577943866169,0.6608908151795647,0.6125382745262029,0.6599314688089174,0.8382823571465456,0.6506746012099615,0.7660020769339418,0.8634200951214489,nan,nan,nan,1019,919,819,nan,141
196,RFAH_ECOLI_Tsuboyama_2023_2LCL,1326,2,0.1041920520834348,0.0828264394106899,0.4918509535164395,0.108757740797348,0.08751304673653487,0.6209160975302425,0.11295175494813652,0.4824914478799274,0.6613386078193729,0.33502483411563766,0.7455949394803226,0.553733412419741,1326,1226,1126,326,410
197,RL20_AQUAE_Tsuboyama_2023_1GYZ,1461,2,0.009891627315487806,0.5889224460775373,0.8121761838765689,0.011267760100736364,0.6779818033666426,0.8277721821313727,0.1252240882145176,0.717606495359553,0.8534353937706497,0.24191072312960119,0.7974426489938438,0.8911930095745998,1461,1361,1261,461,439
198,RPC1_BP434_Tsuboyama_2023_1R69,1459,2,0.3374685418350152,0.6950267254496277,0.7576193005880986,0.36653986407338934,0.7081010293435714,0.7248445633459228,0.43323294447445615,0.7858336403160003,0.8427189659540264,0.5165052557374,0.8982640520690766,0.8650365886497626,1459,1359,1259,459,444
199,SAV1_MOUSE_Tsuboyama_2023_2YSB,965,2,0.4958021163756223,0.49659031174101015,0.5127792230129212,0.5994624186500787,0.6404565773688996,0.6915248464433142,0.5669425471136018,0.6953455270972739,0.7073857826317819,nan,nan,nan,965,865,765,nan,145
200,SDA_BACSU_Tsuboyama_2023_1PV0,2770,2,0.3192645863611736,0.24401773791062256,0.7007404187757136,0.3548530650787115,0.6303708516053498,0.8986956100731763,0.3315423884411001,0.8330530598400682,0.8887525193737473,0.35991732115973546,0.9444141645479749,0.926677502319412,2770,2670,2570,1770,533
201,SPA_STAAU_Tsuboyama_2023_1LP1,2105,2,0.476156970087323,-0.04643202441018253,0.6436875598271453,0.6008074858800082,0.49914972031571253,0.7265633297071469,0.622260153418572,0.6086521038635364,0.7527742927032584,0.6737115415549932,0.8052044242282936,0.7258668401105839,2105,2005,1905,1105,489
202,SPG1_STRSG_Olson_2014,536962,2,0.01639636926832071,0.21926967184958876,0.7323031705030911,0.4761881769604415,0.5201158687894086,0.7997941355821229,0.563939808679306,0.6012391211537931,0.8041730438590399,0.7444309348619771,0.8713641389495037,0.8667371515218597,536962,536862,536762,535962,142936
203,SPG1_STRSG_Wu_2016,149360,4,-0.016520693621167846,0.005139966431023441,0.2579800213513647,0.10216463235066552,0.1067209120618773,0.3029709863415268,-0.01651539648819901,-0.007768709368269551,0.3465356236410896,0.34268818368831777,0.5596681727731132,0.4883026358069128,149360,149260,149160,148360,40669
204,SPG2_STRSG_Tsuboyama_2023_5UBS,1451,2,0.05762358161489049,0.1811789043039643,0.6893013436552535,0.06417670323165284,0.39410598024026805,0.8228231991205286,0.3515344766937093,0.7441575701829144,0.8047779529730849,0.3929811019223566,0.9143935407113305,0.9239300407485167,1451,1351,1251,451,422
205,SPTN1_CHICK_Tsuboyama_2023_1TUD,3201,2,0.6105764739334216,0.5735533304732491,0.7675654192142072,0.7005111062970482,0.7437845985762245,0.8365126452304255,0.688991348448399,0.8063440859815827,0.864881596429882,0.7582884865026023,0.9017082316631145,0.9070728440255669,3201,3101,3001,2201,620
206,SR43C_ARATH_Tsuboyama_2023_2N88,1583,2,0.5357819523719387,0.5370273698514443,0.6683724407625758,0.5640929684710482,0.6435028296265752,0.8700965964310015,0.5977130633630121,0.8055899004744715,0.8845962914478191,0.6223336965451586,0.9147254195147406,0.8991504334916015,1583,1483,1383,583,428
207,SRBS1_HUMAN_Tsuboyama_2023_2O2W,1556,2,0.4511911785206846,0.624135265687482,0.8128715694077131,0.5033120892774282,0.7220078740616555,0.8269332161516356,0.5807445568766321,0.7794608933474807,0.8612935100076377,0.5692955966405138,0.8876035737423202,0.9103037682426236,1556,1456,1356,556,486
208,TCRG1_MOUSE_Tsuboyama_2023_1E0L,1058,2,0.6023245350036679,0.6934823699496389,0.7047503389751139,0.5607249097202517,0.7651241918895821,0.8625853295363091,0.6352770817788634,0.8753524408835391,0.872213596204071,0.8351801982114617,0.9420468178043006,0.9234673475037682,1058,958,858,58,351
209,THO1_YEAST_Tsuboyama_2023_2WQG,1279,2,0.30131548309352535,0.4322854366645441,0.5384920834296893,0.4296072468040339,0.5724471349887285,0.655579962807741,0.43243695627159773,0.7355026434630273,0.7641878297644218,0.5002298773110716,0.8553873866755777,0.7592392445490611,1279,1179,1079,279,379
210,TNKS2_HUMAN_Tsuboyama_2023_5JRT,1479,2,0.3413658152624403,0.4552020056558372,0.6144484027899201,0.35593947376955537,0.5907497536690138,0.8141236313729369,0.3851921133514978,0.6890631883397472,0.8157887594658385,0.47445141964137894,0.8643713063584474,0.8705451122893756,1479,1379,1279,479,444
211,UBE4B_HUMAN_Tsuboyama_2023_3L1X,3622,2,0.3717995647651949,0.3649272364445165,0.5236390607626339,0.3900961722015291,0.4357074978546321,0.5906328312772992,0.3716093932540425,0.5452571282670802,0.6231965320588932,0.4547837954638055,0.7714623375450134,0.6849245997952529,3622,3522,3422,2622,744
212,UBR5_HUMAN_Tsuboyama_2023_1I2T,1453,2,0.3954775984769403,0.37884552147719175,0.72865082368318,0.4135264266552914,0.6216402683735611,0.841293488174663,0.5837830827149355,0.7358503263516892,0.8449776210695993,0.6516775747242083,0.8581339669400039,0.9139968724351658,1453,1353,1253,453,431
213,VILI_CHICK_Tsuboyama_2023_1YU5,2568,2,0.4303431112861798,0.4863800192346478,0.8307829597722179,0.5741085464525874,0.7093471750608235,0.8852374884736548,0.5803900347090506,0.7534407317813456,0.9046098609294685,0.6392490902865371,0.8753302193318957,0.9113520493763695,2568,2468,2368,1568,610
214,YAIA_ECOLI_Tsuboyama_2023_2KVT,1890,2,0.3780347939926742,0.15327111285962208,0.7903070808881091,0.45183457512810316,0.5209975026793393,0.8366684619054859,0.436643243982704,0.7259450644566509,0.8654925820935659,0.5110544601338339,0.8765923585550542,0.8975759797134655,1890,1790,1690,890,456
215,YAP1_HUMAN_Araya_2012,10075,2,0.32479319470278284,0.30204371243221395,0.5308274196329236,0.41965692850970615,0.40292418038237016,0.5268850077023881,0.4803229958746167,0.46126213591025056,0.5317233775861774,0.5778684614801672,0.6221954405153893,0.6262788626017534,10075,9975,9875,9075,4250
216,YNZC_BACSU_Tsuboyama_2023_2JVD,2300,2,0.6082060101896964,0.2547404804907313,0.6899018383146401,0.6441407339983907,0.7473713910090336,0.7968152807093932,0.650026034046947,0.7653789908560225,0.8486109446153745,0.6564610103363941,0.8915834745735776,0.8561248306610288,2300,2200,2100,1300,478
