Variants,ddG,E-value
L215F,-1.5,12
A217N,-1.17,7
R219S,-0.85,4
L249Y,-0.85,4
T317W,-1.5,12
T318V,-0.85,4
M329P,-1.08,6
L330Y,-0.85,4
C350V,-0.97,5
L215F/A217N/R219S,-1.68,16.29
M329P/L330Y,-0.87,4.24
T317W/T318V,-1.68,16.29
L215F/A217N/R219S/M329P/L330Y,-1.84,21.25
L215F/A217N/R219S/C350V,-1.67,16.02
L215F/A217N/R219S/T317W/T318V,-2.19,38.01
L215F/A217N/R219S/L249Y,-1.93,24.68
M329P/L330Y/C350V,-0.9,4.46
T317W/T318V/M329P/L330Y,-1.3,8.67
L249Y/M329P/L330Y,-0.98,5.09
T317W/T318V/C350V,-1.73,17.7
L249Y/C350V,-0.89,4.39
L249Y/T317W/T318V,-1.88,22.71
L215F/A217N/R219S/M329P/L330Y/C350V,-1.92,24.27
L215F/A217N/R219S/T317W/T318V/M329P/L330Y,-2.15,35.56
L215F/A217N/R219S/L249Y/M329P/L330Y,-1.96,25.94
L215F/A217N/R219S/T317W/T318V/C350V,-2.41,54.77
L215F/A217N/R219S/L249Y/C350V,-1.85,21.61
L215F/A217N/R219S/L249Y/T317W/T318V,-2.37,51.25
T317W/T318V/M329P/L330Y/C350V,-1.51,12.28
L249Y/M329P/L330Y/C350V,-0.92,4.61
L249Y/T317W/T318V/M329P/L330Y,-1.75,18.3
L249Y/T317W/T318V/C350V,-1.74,18
L215F/A217N/R219S/L249Y/M329P/L330Y/C350V,-2.57,71.45
L215F/A217N/R219S/T317W/T318V/M329P/L330Y/C350V,-2.09,32.19
L215F/A217N/R219S/L249Y/T317W/T318V/M329P/L330Y,-2.32,47.17
L215F/A217N/R219S/L249Y/T317W/T318V/C350V,-2.73,93.2
L215F/A217N/R219S/L249Y/T317W/T318V/M329P/L330Y/C350V,-2.87,117.6
